{
  "model_name": "logistic_regression",
  "trained_at_utc": "2026-07-11T10:33:44.985470+00:00",
  "best_params": {
    "clf__C": 0.1,
    "clf__solver": "liblinear"
  },
  "metrics": {
    "accuracy": 0.9016393442622951,
    "precision": 0.8666666666666667,
    "recall": 0.9285714285714286,
    "f1": 0.896551724137931,
    "roc_auc": 0.9675324675324676,
    "cv_roc_auc_mean": 0.8975501953762823,
    "cv_roc_auc_std": 0.047393403376123126
  },
  "feature_columns": [
    "age",
    "trestbps",
    "chol",
    "thalach",
    "oldpeak",
    "sex",
    "cp",
    "fbs",
    "restecg",
    "exang",
    "slope",
    "ca",
    "thal"
  ],
  "target": "target",
  "sklearn_pipeline": true
}